{"metadata":{"asset_id":"ced7a78d-ff8f-4fec-9b8b-40630f79087b","asset_attributes":["data_asset"],"name":"dataset_desafio_2.csv","asset_type":"data_asset","created_at":"2020-08-11T23:40:47Z","description":"","origin_country":"us","owner_id":"IBMid-550005J8BR","project_id":"95718d2a-4335-4a12-a06a-0327ef99af69","size":1520235,"tags":[],"usage":{"last_update_time":1597189247981,"last_updated_at":"2020-08-11T23:40:47Z"}},"entity":{"data_asset":{"mime_type":"text/csv","dataset":false}},"attachments":[{"id":"d170db1c-4b32-4467-b0fa-368cc196541d","version":2,"asset_type":"data_asset","name":"dataset_desafio_2.csv","mime":"text/csv","datasource_type":"193a97c1-4475-4a19-b90c-295c4fdc6517","object_key":"dataset_desafio_2.csv","creator_id":"IBMid-550005J8BR","create_time":1597189247980,"size":1520235,"is_remote":false,"is_managed":false,"is_referenced":true,"is_object_key_read_only":true,"is_user_provided_path_key":true,"transfer_complete":true,"is_partitioned":false,"complete_time_ticks":1597189247980,"user_data":{},"test_doc":0,"handle":{"bucket":"teste2uninassau-donotdelete-pr-mbiz2fpndnmccc","location":"us-geo","key":"dataset_desafio_2.csv","upload_id":"done","max_part_num":1},"usage":{"access_count":0,"last_accessor_id":"IBMid-550005J8BR","last_access_time":1597189247980}}]}
