{"metadata":{"asset_id":"6da514e7-f583-4fa5-a5be-e32b4ffb45ff","asset_attributes":["notebook"],"name":"parte-2","asset_type":"notebook","created_at":"2020-08-11T17:48:00Z","description":"","origin_country":"us","owner_id":"IBMid-550005J8BR","project_id":"95718d2a-4335-4a12-a06a-0327ef99af69","size":23555,"tags":["notebook"],"usage":{"last_update_time":1597271910161,"last_updated_at":"2020-08-12T22:38:30Z"}},"entity":{"notebook":{"kernel":{"name":"python3","display_name":"Python 3.6","language":"python"},"originates_from":{"type":"file"},"runtime":{"environment":"conda2py36-95718d2a-4335-4a12-a06a-0327ef99af69"}}},"attachments":[{"id":"e025e794-dd07-4eab-9e5a-c9d623a4745b","version":2,"asset_type":"notebook","name":"attachment for notebook 6da514e7-f583-4fa5-a5be-e32b4ffb45ff","description":"attachment for notebook 6da514e7-f583-4fa5-a5be-e32b4ffb45ff","mime":"application/json","datasource_type":"193a97c1-4475-4a19-b90c-295c4fdc6517","object_key":"notebook/parte-2_XvWXXx6YQ.ipynb","creator_id":"IBMid-550005J8BR","create_time":1597168081250,"size":23555,"is_remote":false,"is_managed":false,"is_referenced":true,"is_object_key_read_only":false,"is_user_provided_path_key":true,"transfer_complete":true,"is_partitioned":false,"complete_time_ticks":1597168081250,"user_data":{},"test_doc":0,"handle":{"bucket":"teste2uninassau-donotdelete-pr-mbiz2fpndnmccc","location":"us-geo","key":"notebook/parte-2_XvWXXx6YQ.ipynb","upload_id":"done","max_part_num":1},"usage":{"access_count":0,"last_accessor_id":"IBMid-550005J8BR","last_access_time":1597168081250}}]}
